,CEOsalary,admin_exp,gov_grant,liab_to_assets,mkting_exp,name,perc_admin_exp,perc_fundraising_exp,perc_program_exp,prog_rev,program_exp_growth,revenue,service_rev,state,tpscore,url,wking_cap_ratio,yr_founded
0,"$136,400","$88,924",$0,  1.3%,"$161,060",Greenville Humane Society,  3.5%,  3.4%, 93.0%,"$4,697,776", 11.4%,"$2,597,817","$2,099,959",SC,100,http://www.charitynavigator.org/index.cfm?bay=search.summary&orgid=7978,2.19,1949
1,"$57,468","$105,750",$0,  3.0%,"$153,331",Heartland Humane Society, 12.8%, 12.2%, 74.8%,"$640,305",  1.9%,"$431,075","$209,230",OR,93,http://www.charitynavigator.org/index.cfm?bay=search.summary&orgid=6414,1.61,1973
2,"$73,600","$136,868",$0,  6.1%,"$100,919",Purrfect Pals, 12.3%,  7.0%, 80.6%,"$1,270,373",  5.6%,"$1,270,373",$0,WA,100,http://www.charitynavigator.org/index.cfm?bay=search.summary&orgid=17373,1.12,1991
3,"$73,331","$363,768",$0,  4.0%,"$141,286",Ramona Humane Society, 12.9%,  5.1%, 81.9%,"$2,119,091",  2.0%,"$324,098","$1,794,993",CA,85,http://www.charitynavigator.org/index.cfm?bay=search.summary&orgid=5156,1.35,1974
4,"$113,512","$313,764","$30,000",  0.5%,"$109,598",Rancho Coastal Humane Society, 12.4%,  2.7%, 84.7%,"$2,945,273", 14.3%,"$1,937,955","$1,007,318",CA,100,http://www.charitynavigator.org/index.cfm?bay=search.summary&orgid=7473,2.73,1967
5,"$102,019","$235,568",$0,  1.1%,"$199,673",RedRover, 11.1%,  9.5%, 79.2%,"$3,263,685", 14.8%,"$3,243,135","$20,550",CA,96,http://www.charitynavigator.org/index.cfm?bay=search.summary&orgid=7707,3.33,1992
6,"$201,942","$568,189",$0, 18.4%,"$430,366",Richmond SPCA,  9.1%,  7.3%, 83.4%,"$5,121,242",  5.8%,"$3,689,605","$1,431,637",VA,89,http://www.charitynavigator.org/index.cfm?bay=search.summary&orgid=5485,6.04,1942
7,"$81,935","$153,015",$600,  0.8%,"$98,197",Roanoke Valley SPCA, 16.4%,  9.7%, 73.7%,"$1,907,237", -10.1%,"$1,760,229","$147,008",VA,93,http://www.charitynavigator.org/index.cfm?bay=search.summary&orgid=8277,3.40,1958
8,"$130,917","$588,581",$0,  4.8%,"$935,606",Sacramento SPCA,  7.3%, 12.4%, 80.2%,"$8,325,068",  -4.6%,"$6,413,487","$1,911,581",CA,100,http://www.charitynavigator.org/index.cfm?bay=search.summary&orgid=5793,1.67,1957
9,"$337,055","$889,063",$0,  2.4%,"$1,538,002",Helen Woodward Animal Center,  9.9%, 16.7%, 73.3%,"$9,661,157", 10.2%,"$5,248,245","$4,412,912",CA,81,http://www.charitynavigator.org/index.cfm?bay=search.summary&orgid=3812,2.84,1972
10,"$125,851","$121,486",$0, 18.0%,"$169,477",Helping Hands: Monkey Helpers,  7.3%,  6.3%, 86.3%,"$1,101,236",  2.3%,"$1,101,236",$0,MA,100,http://www.charitynavigator.org/index.cfm?bay=search.summary&orgid=12495,2.39,1983
11,"$332,160","$1,607,401",$0, 21.5%,"$2,990,520",The Seeing Eye,  6.2%, 10.0%, 83.7%,"$17,045,413",  3.5%,"$16,938,688","$106,725",NJ,100,http://www.charitynavigator.org/index.cfm?bay=search.summary&orgid=4460,8.40,1935
12,"$87,239","$138,186",$0,  0.3%,"$64,284",Sioux Falls Area Humane Society,  8.8%,  5.3%, 85.7%,"$928,633",  8.0%,"$505,600","$423,033",SD,73,http://www.charitynavigator.org/index.cfm?bay=search.summary&orgid=5362,19.27,1965
13,"$94,048","$128,636",$0,  2.0%,"$117,848",Society for the Improvement of Conditions for Stray Animals,  9.0%,  5.8%, 85.0%,"$2,015,012", 11.7%,"$1,684,294","$330,718",OH,96,http://www.charitynavigator.org/index.cfm?bay=search.summary&orgid=6093,3.32,1974
14,"$259,402","$769,994",$0,  2.6%,"$1,062,465",Southeastern Guide Dogs,  9.5%, 11.5%, 78.9%,"$17,773,743",  3.4%,"$17,773,743",$0,FL,100,http://www.charitynavigator.org/index.cfm?bay=search.summary&orgid=8896,5.44,1983
15,"$27,223","$93,467",$0,  1.0%,"$108,553",Southern Oregon Humane Society, 10.7%, 12.5%, 76.6%,"$1,084,414",  5.6%,"$822,842","$261,572",OR,93,http://www.charitynavigator.org/index.cfm?bay=search.summary&orgid=8135,3.13,1953
16,"$70,000","$155,497","$143,834", 20.4%,"$81,229",Spartanburg Humane Society, 11.5%,  7.0%, 81.3%,"$1,987,219",  -8.9%,"$1,584,535","$402,684",SC,81,http://www.charitynavigator.org/index.cfm?bay=search.summary&orgid=12753,1.12,1964
17,"$148,396","$362,760",$0, 32.6%,"$393,016","Spay-Neuter Assistance Program, Inc.",  5.7%,  6.4%, 87.8%,"$4,868,965",  9.5%,"$617,887","$4,251,078",TX,93,http://www.charitynavigator.org/index.cfm?bay=search.summary&orgid=7337,0.19,1999
18,"$135,002","$608,783",$0,  2.1%,"$276,129",Providence Animal Center, 22.8%,  7.9%, 69.1%,"$3,574,574", 10.9%,"$2,253,937","$1,320,637",PA,100,http://www.charitynavigator.org/index.cfm?bay=search.summary&orgid=16389,3.44,1971
19,"$73,748","$154,995",$0,  2.2%,"$199,251",Providence Animal Rescue League, 13.4%, 14.1%, 72.4%,"$628,223",  6.6%,"$420,659","$207,564",RI,89,http://www.charitynavigator.org/index.cfm?bay=search.summary&orgid=7554,2.75,1938
20,"$249,750","$188,572",$0,  0.6%,"$110,983",Puppies Behind Bars,  8.3%,  6.4%, 85.2%,"$2,798,796",  9.8%,"$2,677,804","$120,992",NY,100,http://www.charitynavigator.org/index.cfm?bay=search.summary&orgid=8403,5.11,1998
21,"$74,529","$222,311",$0,  1.8%,"$146,515",Save-A-Pet Adoption Center, 11.9%,  7.7%, 80.2%,"$1,413,393",  6.9%,"$1,306,929","$106,464",IL,96,http://www.charitynavigator.org/index.cfm?bay=search.summary&orgid=6858,2.31,1973
22,"$159,463","$755,722",$0,  2.0%,"$921,601",Seattle Humane, 10.3%, 12.9%, 76.6%,"$17,153,558",  5.8%,"$16,058,636","$1,094,922",WA,100,http://www.charitynavigator.org/index.cfm?bay=search.summary&orgid=5757,4.82,1972
23,"$121,203","$163,926",$0,  7.4%,"$234,501",Pet Alliance of Greater Orlando,  3.8%,  3.3%, 92.8%,"$5,976,462",  2.8%,"$1,449,721","$4,526,741",FL,100,http://www.charitynavigator.org/index.cfm?bay=search.summary&orgid=5557,0.80,1971
24,"$103,962","$279,458","$43,500", 32.1%,"$325,803",Pet Helpers, 11.2%,  8.7%, 80.0%,"$1,804,431",  4.0%,"$1,387,937","$416,494",SC,81,http://www.charitynavigator.org/index.cfm?bay=search.summary&orgid=11391,1.96,1986
25,"$78,463","$262,303",$0, 21.2%,"$379,182",PetAid Colorado, 12.9%, 20.9%, 66.1%,"$1,698,115",  6.2%,"$1,698,115",$0,CO,96,http://www.charitynavigator.org/index.cfm?bay=search.summary&orgid=14240,1.12,2002
26,"$74,083","$31,756",$0,< 0.1%,"$79,661",Petfinder Foundation,  3.4%,  5.9%, 90.6%,"$1,275,207", -10.8%,"$1,275,207",$0,AZ,100,http://www.charitynavigator.org/index.cfm?bay=search.summary&orgid=13219,1.51,2003
27,"$156,000","$193,200",$0,  9.0%,"$154,695",Pets in Need,  9.9%, 10.3%, 79.6%,"$1,458,201",  5.1%,"$1,366,534","$91,667",CA,96,http://www.charitynavigator.org/index.cfm?bay=search.summary&orgid=6450,4.92,1967
28,"$123,152","$185,425",$0,  3.6%,"$294,415",Placer SPCA,  6.8%, 11.6%, 81.5%,"$3,025,461",  1.5%,"$1,998,544","$1,026,917",CA,100,http://www.charitynavigator.org/index.cfm?bay=search.summary&orgid=6547,3.96,1977
29,"$37,800","$118,282",$0,  4.8%,"$134,746",The Pope Memorial SPCA of Concord-Merrimack County, 14.0%, 14.4%, 71.5%,"$707,091", 12.6%,"$529,845","$177,246",NH,74,http://www.charitynavigator.org/index.cfm?bay=search.summary&orgid=14614,4.16,1969
30,"$95,429","$212,420",$0,  0.8%,"$309,924",Potter League for Animals,  9.4%, 15.7%, 74.8%,"$2,272,416",  3.5%,"$1,736,050","$536,366",RI,92,http://www.charitynavigator.org/index.cfm?bay=search.summary&orgid=7556,5.24,1951
31,"$151,226","$245,145",$0,  1.8%,"$411,530",St. Hubert's Animal Welfare Center,  6.2%,  9.2%, 84.5%,"$4,505,391",  9.0%,"$2,937,565","$1,567,826",NJ,97,http://www.charitynavigator.org/index.cfm?bay=search.summary&orgid=5047,5.17,1940
32,"$97,134","$382,566",$0,  1.7%,"$377,426",San Antonio Humane Society, 11.1%, 10.3%, 78.4%,"$2,923,322",  -5.2%,"$2,127,465","$795,857",TX,100,http://www.charitynavigator.org/index.cfm?bay=search.summary&orgid=6354,3.62,1962
33,"$254,545","$2,836,121",$0,  4.3%,"$2,683,476",San Diego Humane Society ,  8.7%, 13.3%, 77.9%,"$25,034,807",  7.6%,"$19,671,799","$5,363,008",CA,100,http://www.charitynavigator.org/index.cfm?bay=search.summary&orgid=5846,2.40,1938
34,"$228,734","$2,214,312",$0,  6.0%,"$1,272,329",San Francisco SPCA,  5.7%,  4.4%, 89.7%,"$26,957,200", 17.8%,"$12,564,102","$14,393,098",CA,96,http://www.charitynavigator.org/index.cfm?bay=search.summary&orgid=4434,2.50,1961
35,"$201,053","$677,038",$0,  9.3%,"$562,769",Santa Fe Animal Shelter & Humane Society, 11.2%,  8.4%, 80.3%,"$3,289,385", 11.4%,"$1,636,605","$1,652,780",NM,100,http://www.charitynavigator.org/index.cfm?bay=search.summary&orgid=9729,2.95,1941
36,"$106,169","$231,808",$0,  0.6%,"$58,484","SAVE, A Friend to Homeless Animals", 16.9%,  5.7%, 77.3%,"$731,770",  8.6%,"$623,233","$108,537",NJ,73,http://www.charitynavigator.org/index.cfm?bay=search.summary&orgid=13495,8.13,1967
37,"$192,845","$854,844",$0, 18.8%,"$800,883",Pasadena Humane Society & SPCA, 12.8%, 10.0%, 77.0%,"$14,119,682", 16.9%,"$10,366,232","$3,753,450",CA,96,http://www.charitynavigator.org/index.cfm?bay=search.summary&orgid=8841,4.16,1939
38,"$107,492","$219,647",$0,  4.5%,"$256,074",Pasado's Safe Haven, 11.6%,  6.8%, 81.4%,"$2,044,995",  6.1%,"$1,902,149","$142,846",WA,93,http://www.charitynavigator.org/index.cfm?bay=search.summary&orgid=6634,1.70,1998
39,"$122,016","$237,639",$0,  2.2%,"$754,257",PAWS (Progressive Animal Welfare Society),  5.1%, 18.5%, 76.3%,"$5,624,030",  4.2%,"$4,931,894","$692,136",WA,100,http://www.charitynavigator.org/index.cfm?bay=search.summary&orgid=5775,2.92,1967
40,"$93,507","$761,440",$0,  1.9%,"$526,584",PAWS Chicago,  5.0%,  4.9%, 89.9%,"$17,033,633", 19.4%,"$14,959,514","$2,074,119",IL,100,http://www.charitynavigator.org/index.cfm?bay=search.summary&orgid=6151,3.71,1999
41,"$110,777","$404,240",$0,  1.7%,"$300,473",Paws With A Cause, 10.7%,  8.5%, 80.7%,"$3,693,496",  5.3%,"$3,693,496",$0,MI,96,http://www.charitynavigator.org/index.cfm?bay=search.summary&orgid=4307,1.39,1981
42,"$92,500","$132,284","$406,961", 25.8%,"$50,603",PAWS/LA,  9.6%,  5.2%, 85.1%,"$1,216,590",  1.0%,"$1,216,590",$0,CA,77,http://www.charitynavigator.org/index.cfm?bay=search.summary&orgid=11963,0.40,1996
43,"$180,777","$470,736",$0,  0.3%,"$485,536",Peggy Adams Animal Rescue League,  7.6%,  7.0%, 85.3%,"$6,257,793", 13.8%,"$4,172,360","$2,085,433",FL,100,http://www.charitynavigator.org/index.cfm?bay=search.summary&orgid=6301,11.49,1949
44,"$476,827","$2,109,075",$0,  6.8%,"$899,681",Peninsula Humane Society & SPCA, 16.4%,  7.6%, 75.8%,"$12,448,055",  3.5%,"$6,195,374","$6,252,681",CA,78,http://www.charitynavigator.org/index.cfm?bay=search.summary&orgid=11790,2.54,1954
45,"$262,403","$692,229",$0,  4.9%,"$980,069",Pennsylvania SPCA,  6.7%,  9.8%, 83.3%,"$7,921,052",  -5.5%,"$5,880,012","$2,041,040",PA,100,http://www.charitynavigator.org/index.cfm?bay=search.summary&orgid=7626,1.44,1935
46,"$36,986","$631,829",$0, 16.7%,"$6,692,500",People for the Ethical Treatment of Animals,  1.5%, 14.2%, 84.2%,"$63,549,902", 10.0%,"$63,070,410","$479,492",VA,82,http://www.charitynavigator.org/index.cfm?bay=search.summary&orgid=4314,0.70,1981
47,"$94,011","$220,641","$5,850", 15.3%,"$216,353",New Hampshire SPCA,  9.6%,  8.8%, 81.5%,"$1,972,249",  2.4%,"$1,507,674","$464,575",NH,100,http://www.charitynavigator.org/index.cfm?bay=search.summary&orgid=5958,2.67,1972
48,"$340,227","$1,554,489",$0, 23.9%,"$5,467,824",North Shore Animal League America,  4.0%, 13.7%, 82.2%,"$38,806,976",  5.7%,"$31,800,748","$7,006,228",NY,97,http://www.charitynavigator.org/index.cfm?bay=search.summary&orgid=4239,0.97,1948
49,"$91,146","$108,790",$0,  2.0%,"$171,313",Northwest Organization for Animal Help,  7.4%,  8.2%, 84.2%,"$1,859,499",  1.4%,"$1,292,822","$566,677",WA,92,http://www.charitynavigator.org/index.cfm?bay=search.summary&orgid=9756,1.64,1988
50,"$133,567","$137,793",$0,  3.2%,"$458,975",Oklahoma Humane Society,  6.5%, 15.4%, 78.0%,"$2,732,691", 10.1%,"$1,722,662","$1,010,029",OK,89,http://www.charitynavigator.org/index.cfm?bay=search.summary&orgid=13417,1.27,2007
51,"$111,500","$462,162",$0,  2.0%,"$627,101",Operation Kindness, 12.6%, 14.9%, 72.3%,"$3,566,674", 17.9%,"$2,825,458","$741,216",TX,89,http://www.charitynavigator.org/index.cfm?bay=search.summary&orgid=5693,1.99,1984
52,"$250,469","$1,046,532",$0,  5.1%,"$2,106,980",Oregon Humane Society,  7.4%, 12.5%, 79.9%,"$14,450,579",  8.0%,"$11,554,452","$2,896,127",OR,100,http://www.charitynavigator.org/index.cfm?bay=search.summary&orgid=4278,3.22,1941
53,"$87,241","$155,643","$12,500",< 0.1%,"$225,023",Nashville Humane Association,  8.0%,  9.4%, 82.5%,"$2,543,996",  4.1%,"$2,183,956","$360,040",TN,93,http://www.charitynavigator.org/index.cfm?bay=search.summary&orgid=5610,1.66,1962
54,"$192,331","$311,038",$0,  0.7%,"$252,486",National Anti-Vivisection Society, 12.9%, 11.3%, 75.7%,"$2,217,011",  -2.5%,"$2,217,011",$0,IL,97,http://www.charitynavigator.org/index.cfm?bay=search.summary&orgid=5248,2.57,1934
55,"$148,634","$91,987",$0,< 0.1%,"$74,882",National Cat Protection Society,  6.5%,  5.2%, 88.1%,"$903,374",  6.0%,"$859,602","$43,772",CA,48,http://www.charitynavigator.org/index.cfm?bay=search.summary&orgid=7476,5.67,1969
56,"$84,000","$396,179",$0, 14.9%,"$560,711",National Disaster Search Dog Foundation,  7.2%, 11.0%, 81.7%,"$7,034,066", 27.2%,"$7,034,066",$0,CA,96,http://www.charitynavigator.org/index.cfm?bay=search.summary&orgid=9203,4.87,1996
57,"$129,731","$240,876",$0,  7.4%,"$183,391",National Education for Assistance Dog Services,  8.7%,  7.6%, 83.5%,"$2,306,687",  1.0%,"$1,970,726","$335,961",MA,100,http://www.charitynavigator.org/index.cfm?bay=search.summary&orgid=5143,2.17,1973
58,"$93,599","$316,326",$0, 45.0%,"$315,703",National Humane Education Society,  8.6%, 10.7%, 80.5%,"$3,201,063", -11.7%,"$2,656,020","$545,043",WV,97,http://www.charitynavigator.org/index.cfm?bay=search.summary&orgid=4183,0.42,1996
59,"$184,122","$747,345","$1,196,554",  2.5%,"$872,478",Nebraska Humane Society,  6.2%,  7.5%, 86.1%,"$10,528,648",  3.5%,"$4,621,473","$5,907,175",NE,93,http://www.charitynavigator.org/index.cfm?bay=search.summary&orgid=4212,2.48,1934
60,"$82,264","$223,668",$0,  3.6%,"$148,131",Nevada Humane Society,  7.2%,  2.7%, 90.0%,"$4,870,820", 12.3%,"$3,607,518","$1,263,302",NV,100,http://www.charitynavigator.org/index.cfm?bay=search.summary&orgid=9093,1.47,1953
61,"$125,177","$31,084",$0,  0.7%,"$123,501",New England Anti-Vivisection Society,  5.9%, 13.0%, 81.0%,"$468,202",  8.0%,"$468,202",$0,MA,85,http://www.charitynavigator.org/index.cfm?bay=search.summary&orgid=10713,7.95,1944
62,"$65,955","$139,754",$0, 29.6%,"$146,008",New Hampshire Humane Society, 10.9%, 13.9%, 75.0%,"$820,542",  7.1%,"$534,874","$285,668",NH,100,http://www.charitynavigator.org/index.cfm?bay=search.summary&orgid=7521,3.30,1963
63,"$29,000","$66,480",$0,  1.7%,"$34,771",Michigan Anti-Cruelty Society,  4.5%,  1.9%, 93.5%,"$1,061,885",  3.8%,"$1,025,230","$36,655",MI,100,http://www.charitynavigator.org/index.cfm?bay=search.summary&orgid=6155,2.74,1946
64,"$194,755","$474,954",$0, 15.9%,"$3,074,704",Michigan Humane Society,  3.0%, 15.7%, 81.2%,"$23,523,622",  4.5%,"$17,159,959","$6,363,663",MI,100,http://www.charitynavigator.org/index.cfm?bay=search.summary&orgid=4091,1.72,1942
65,"$104,890","$212,010",$0,  2.2%,"$459,549",Mohawk Hudson Humane Society,  7.0%, 17.1%, 75.7%,"$4,058,378",  4.6%,"$3,071,375","$987,003",NY,96,http://www.charitynavigator.org/index.cfm?bay=search.summary&orgid=6038,2.59,1942
66,"$133,803","$153,144",$0,  3.4%,"$196,753",Montgomery County Humane Society,  9.6%, 10.1%, 80.1%,"$772,802", -36.5%,"$634,793","$138,009",MD,93,http://www.charitynavigator.org/index.cfm?bay=search.summary&orgid=10852,2.56,1974
67,"$151,877","$410,405","$10,230",  0.2%,"$22,348",Montgomery County SPCA, 17.8%,  0.9%, 81.1%,"$2,678,187",  3.4%,"$2,071,474","$606,713",PA,96,http://www.charitynavigator.org/index.cfm?bay=search.summary&orgid=5085,17.98,1941
68,"$446,986","$5,145,751",$0, 24.6%,"$2,953,122",MSPCA-Angell, 10.3%,  5.1%, 84.5%,"$58,252,089",  8.9%,"$19,781,971","$38,470,118",MA,93,http://www.charitynavigator.org/index.cfm?bay=search.summary&orgid=4058,0.90,1934
69,"$86,615","$120,164",$0,  4.5%,"$221,253",Muttville,  8.0%,  9.3%, 82.5%,"$2,374,942", 38.9%,"$2,365,938","$9,004",CA,100,http://www.charitynavigator.org/index.cfm?bay=search.summary&orgid=16413,1.42,2008
70,"$86,116","$78,886",$0,  7.4%,"$855,081",Little Shelter Animal Rescue and Adoption Center,  3.0%, 34.4%, 62.5%,"$3,459,860",  4.1%,"$3,310,320","$149,540",NY,74,http://www.charitynavigator.org/index.cfm?bay=search.summary&orgid=4928,0.92,1933
71,"$122,415","$363,262",$0,  7.3%,"$737,982","Lollypop Farm, the Humane Society of Greater Rochester",  5.9%, 12.3%, 81.7%,"$7,172,372",  7.4%,"$6,116,301","$1,056,071",NY,100,http://www.charitynavigator.org/index.cfm?bay=search.summary&orgid=8748,3.60,1958
72,"$93,811","$639,689",$0, 24.6%,"$435,684",Longmont Humane Society, 21.0%, 13.7%, 65.2%,"$3,064,174",  9.6%,"$1,325,368","$1,738,806",CO,89,http://www.charitynavigator.org/index.cfm?bay=search.summary&orgid=11903,2.26,1974
73,"$121,503","$107,240",$0,  4.4%,"$713,148",Louisiana SPCA,  2.1%,  8.9%, 88.9%,"$6,306,088",  2.5%,"$3,168,724","$3,137,364",LA,100,http://www.charitynavigator.org/index.cfm?bay=search.summary&orgid=9972,3.94,1972
74,"$59,231","$234,326",$0,  0.9%,"$55,544",Macomb County Humane Society, 32.2%, 13.3%, 54.4%,"$505,257",  8.1%,"$451,995","$53,262",MI,85,http://www.charitynavigator.org/index.cfm?bay=search.summary&orgid=6167,13.51,1983
75,"$57,500","$289,085",$0,< 0.1%,"$226,603",Main Line Animal Rescue, 11.1%,  7.5%, 81.2%,"$2,092,838",  -1.1%,"$2,092,838",$0,PA,96,http://www.charitynavigator.org/index.cfm?bay=search.summary&orgid=12053,2.18,2000
76,"$185,972","$918,085","$3,193,934",  5.7%,"$629,589",The Marin Humane Society, 10.4%,  7.8%, 81.7%,"$7,973,129",  4.8%,"$7,069,264","$903,865",CA,100,http://www.charitynavigator.org/index.cfm?bay=search.summary&orgid=8395,1.85,1950
77,"$36,599","$460,295",$0,  0.9%,"$744,033",The Maryland SPCA,  8.9%, 13.6%, 77.4%,"$4,719,722",  9.8%,"$3,107,377","$1,612,345",MD,100,http://www.charitynavigator.org/index.cfm?bay=search.summary&orgid=6251,4.42,1939
78,"$105,452","$182,952",$0,  1.0%,"$150,384",MaxFund, 12.6%,  3.0%, 84.3%,"$2,861,940", 18.3%,"$1,897,336","$964,604",CO,96,http://www.charitynavigator.org/index.cfm?bay=search.summary&orgid=5736,3.41,1990
79,"$70,440","$326,650",$0,  3.2%,"$642,634",Kansas Humane Society,  7.9%, 15.0%, 77.0%,"$3,513,803",  5.8%,"$2,370,867","$1,142,936",KS,100,http://www.charitynavigator.org/index.cfm?bay=search.summary&orgid=7057,2.18,1951
80,"$85,407","$150,112",$0,  0.1%,"$66,762",Kent Animal Shelter, 11.9%,  7.0%, 80.9%,"$937,782",  -3.0%,"$594,958","$342,824",NY,100,http://www.charitynavigator.org/index.cfm?bay=search.summary&orgid=16781,4.19,1969
81,"$125,000","$525,056",$0, 16.9%,"$468,508",Kentucky Humane Society,  9.2%,  7.8%, 82.8%,"$5,511,492",  3.5%,"$2,361,008","$3,150,484",KY,96,http://www.charitynavigator.org/index.cfm?bay=search.summary&orgid=5599,1.45,1945
82,"$110,000","$33,429",$0,  1.9%,"$167,231",Last Chance for Animals,  2.8%,  9.0%, 88.1%,"$2,421,960", 13.3%,"$2,421,960",$0,CA,100,http://www.charitynavigator.org/index.cfm?bay=search.summary&orgid=7494,1.06,1986
83,"$90,067","$108,582",$0,  6.1%,"$157,021",Lexington Humane Society,  2.9%,  4.1%, 92.8%,"$3,531,573",  6.7%,"$1,407,759","$2,123,814",KY,100,http://www.charitynavigator.org/index.cfm?bay=search.summary&orgid=7244,1.27,1944
84,"$188,610","$560,946",$0,  6.2%,"$828,156",Humane Society of the Pikes Peak Region,  5.7%,  7.7%, 86.5%,"$15,159,467",  4.4%,"$7,983,287","$7,176,180",CO,96,http://www.charitynavigator.org/index.cfm?bay=search.summary&orgid=5727,2.21,1951
85,"$133,424","$153,020","$545,387",  2.4%,"$378,375",Humane Society of the Treasure Coast,  4.8%, 10.6%, 84.5%,"$3,569,768",  7.2%,"$2,318,764","$1,251,004",FL,100,http://www.charitynavigator.org/index.cfm?bay=search.summary&orgid=6304,1.46,1973
86,"$392,107","$3,708,216",$0, 18.7%,"$28,869,968",The Humane Society of the United States,  3.0%, 19.3%, 77.6%,"$127,193,849",  5.9%,"$126,104,650","$1,089,199",DC,96,http://www.charitynavigator.org/index.cfm?bay=search.summary&orgid=3848,1.39,1956
87,"$109,831","$704,095",$0,  1.7%,"$352,512",Humane Society of Vero Beach and Indian River County, 22.0%,  7.2%, 70.6%,"$1,865,668",  4.9%,"$1,105,979","$759,689",FL,89,http://www.charitynavigator.org/index.cfm?bay=search.summary&orgid=5564,2.53,1957
88,"$83,528","$311,897",$0,  1.8%,"$294,290",Humane Society of West Michigan, 17.8%, 16.9%, 65.2%,"$1,634,932",  8.9%,"$1,175,198","$459,734",MI,82,http://www.charitynavigator.org/index.cfm?bay=search.summary&orgid=5287,1.63,1951
89,"$223,843","$931,525","$12,750", 27.1%,"$1,546,205",Humane Society Silicon Valley,  8.8%, 15.2%, 75.9%,"$11,508,304",  5.1%,"$9,530,904","$1,977,400",CA,100,http://www.charitynavigator.org/index.cfm?bay=search.summary&orgid=3847,3.07,1942
90,"$105,928","$445,553","$1,652,004",  2.3%,"$276,449",Idaho Humane Society,  7.8%,  5.3%, 86.7%,"$7,306,334",  6.4%,"$4,865,192","$2,441,142",ID,96,http://www.charitynavigator.org/index.cfm?bay=search.summary&orgid=13310,2.73,1955
91,"$93,452","$476,322",$0,  6.1%,"$697,479",In Defense of Animals, 10.2%, 19.4%, 70.2%,"$3,678,284",  -9.3%,"$3,575,251","$103,033",CA,82,http://www.charitynavigator.org/index.cfm?bay=search.summary&orgid=5632,1.89,1984
92,"$333,461","$2,049,002","$736,796", 31.3%,"$3,518,362",International Fund for Animal Welfare,  9.0%, 13.8%, 77.0%,"$19,059,894",  2.1%,"$19,059,894",$0,MA,97,http://www.charitynavigator.org/index.cfm?bay=search.summary&orgid=3892,1.85,1998
93,"$85,000","$110,848",$0,< 0.1%,"$86,700",Israel Guide Dog Center for the Blind,  4.8%,  3.8%, 91.2%,"$2,035,689", 10.2%,"$2,035,689",$0,PA,100,http://www.charitynavigator.org/index.cfm?bay=search.summary&orgid=10957,4.29,1989
94,"$140,000","$228,592","$89,770",  2.5%,"$427,653",Jacksonville Humane Society,  3.7%, 10.9%, 85.2%,"$7,815,107", 11.4%,"$5,742,937","$2,072,170",FL,100,http://www.charitynavigator.org/index.cfm?bay=search.summary&orgid=3917,3.54,1981
95,"$138,102","$233,803",$0, 16.3%,"$448,811",Animal Friends,  4.6%,  8.4%, 86.9%,"$6,472,921",  5.9%,"$6,472,921",$0,PA,97,http://www.charitynavigator.org/index.cfm?bay=search.summary&orgid=6105,2.23,1959
96,"$98,485","$63,385",$0,  1.5%,"$250,399",Animal Haven,  4.6%, 12.5%, 82.8%,"$3,928,159",  8.8%,"$3,928,159",$0,NY,73,http://www.charitynavigator.org/index.cfm?bay=search.summary&orgid=6711,3.06,1967
97,"$90,946","$233,012","$52,208",  5.9%,"$417,168",Humane Society of Pinellas,  9.7%, 18.6%, 71.6%,"$1,893,001",  8.8%,"$1,338,503","$554,498",FL,97,http://www.charitynavigator.org/index.cfm?bay=search.summary&orgid=5559,2.00,1986
98,"$78,745","$163,450",$0,  0.9%,"$122,566",Humane Society of Sarasota County,  9.3%,  7.1%, 83.5%,"$1,485,431",  4.8%,"$1,286,349","$199,082",FL,100,http://www.charitynavigator.org/index.cfm?bay=search.summary&orgid=6319,8.48,1954
99,"$115,000","$448,975",$0, 31.3%,"$344,740",Humane Society of Sonoma County,  9.6%,  7.8%, 82.4%,"$3,872,753", 24.1%,"$1,671,999","$2,200,754",CA,81,http://www.charitynavigator.org/index.cfm?bay=search.summary&orgid=5837,1.21,1943
100,"$62,308","$67,970",$0,  2.2%,"$36,005",Humane Society of South Coastal Georgia,  9.2%,  5.0%, 85.6%,"$474,575",  -0.4%,"$342,860","$131,715",GA,100,http://www.charitynavigator.org/index.cfm?bay=search.summary&orgid=13338,2.46,1968
101,"$80,444","$280,751",$0,  2.9%,"$974,304",Humane Society of Southern Arizona,  4.2%, 15.1%, 80.5%,"$5,589,896",  -0.1%,"$4,611,463","$978,433",AZ,96,http://www.charitynavigator.org/index.cfm?bay=search.summary&orgid=5746,2.29,1967
102,"$206,697","$1,396,086",$0, 18.8%,"$3,161,868",Animal Humane Society,  7.2%, 19.0%, 73.6%,"$16,044,061", 11.1%,"$10,968,319","$5,075,742",MN,100,http://www.charitynavigator.org/index.cfm?bay=search.summary&orgid=5328,1.34,1945
103,"$173,743","$1,825,251",$0,  6.0%,"$1,046,488",Animal Legal Defense Fund, 15.1%, 11.3%, 73.4%,"$10,968,515", 21.2%,"$10,935,550","$32,965",CA,96,http://www.charitynavigator.org/index.cfm?bay=search.summary&orgid=3298,1.21,1980
104,"$116,758","$242,759",$0,  5.5%,"$276,732",Humane Society of Greater Miami,  2.9%,  6.1%, 90.8%,"$5,203,054",  0.3%,"$1,463,799","$3,739,255",FL,93,http://www.charitynavigator.org/index.cfm?bay=search.summary&orgid=6303,1.29,1938
105,"$97,048","$271,243",$0, 20.2%,"$126,452",Humane Society of Harrisburg Area, 11.3%,  5.6%, 82.9%,"$2,257,427",  5.5%,"$1,738,553","$518,874",PA,89,http://www.charitynavigator.org/index.cfm?bay=search.summary&orgid=6815,1.34,1954
106,"$142,986","$289,474",$0,  3.5%,"$593,248",Humane Society of Huron Valley,  6.6%,  8.1%, 85.1%,"$5,885,432",  1.8%,"$3,056,540","$2,828,892",MI,100,http://www.charitynavigator.org/index.cfm?bay=search.summary&orgid=6156,1.90,1951
107,"$124,974","$260,648",$0,  3.2%,"$734,903",Humane Society of Indianapolis,  5.2%, 14.1%, 80.6%,"$5,106,705", 13.9%,"$3,761,854","$1,344,851",IN,100,http://www.charitynavigator.org/index.cfm?bay=search.summary&orgid=6136,1.26,1941
108,"$79,230","$109,436",$0,  4.2%,"$130,371",Humane Society of Manatee County,  7.8%, 10.2%, 81.9%,"$1,504,096", 22.0%,"$927,725","$576,371",FL,100,http://www.charitynavigator.org/index.cfm?bay=search.summary&orgid=17222,3.15,1979
109,"$70,338","$133,210",$0, 16.7%,"$204,536",Humane Society of Marion County, 13.5%, 16.8%, 69.6%,"$566,705",  6.6%,"$404,524","$162,181",FL,85,http://www.charitynavigator.org/index.cfm?bay=search.summary&orgid=7241,1.97,1971
110,"$74,085","$300,664",$0, 24.8%,"$128,396",Humane Society of Memphis & Shelby County, 14.3%,  6.1%, 79.4%,"$794,028",  -1.5%,"$674,769","$119,259",TN,92,http://www.charitynavigator.org/index.cfm?bay=search.summary&orgid=6853,4.15,1976
111,"$320,163","$1,681,874",$0,  3.5%,"$1,587,633",Humane Society of Missouri,  9.0%,  8.8%, 82.1%,"$17,559,702",  0.4%,"$9,349,467","$8,210,235",MO,96,http://www.charitynavigator.org/index.cfm?bay=search.summary&orgid=3846,2.79,1941
112,"$124,005","$331,209",$0,  1.2%,"$296,222",Humane Society of New York,  4.9%,  5.1%, 89.8%,"$6,191,528",  1.8%,"$2,532,576","$3,658,952",NY,100,http://www.charitynavigator.org/index.cfm?bay=search.summary&orgid=5991,5.59,1950
113,"$85,223","$483,911",$0,  1.2%,"$146,549",Humane Society of North Texas, 11.0%,  3.6%, 85.3%,"$3,464,484", 17.2%,"$2,220,990","$1,243,494",TX,92,http://www.charitynavigator.org/index.cfm?bay=search.summary&orgid=6356,5.24,1964
114,"$125,256","$311,217","$136,643", 38.8%,"$857,934",Humane Society International,  3.3%,  6.0%, 90.6%,"$12,520,408",  9.4%,"$12,487,743","$32,665",DC,96,http://www.charitynavigator.org/index.cfm?bay=search.summary&orgid=5456,0.07,1993
115,"$164,923","$186,614",$0,  1.9%,"$280,478",The Humane Society Naples,  5.6%,  7.7%, 86.5%,"$4,372,856", 10.1%,"$2,567,803","$1,805,053",FL,100,http://www.charitynavigator.org/index.cfm?bay=search.summary&orgid=5566,5.32,1962
116,"$152,090","$329,413",$0, 26.5%,"$237,754",Humane Society of Berks County, 10.5%,  6.1%, 83.3%,"$3,155,855", 32.8%,"$1,854,292","$1,301,563",PA,100,http://www.charitynavigator.org/index.cfm?bay=search.summary&orgid=6817,0.37,1950
117,"$137,859","$265,932","$115,962",  8.7%,"$818,799",Humane Society of Boulder Valley,  4.7%, 13.6%, 81.5%,"$5,634,739",  0.5%,"$2,846,139","$2,788,600",CO,100,http://www.charitynavigator.org/index.cfm?bay=search.summary&orgid=5724,1.48,1933
118,"$226,800","$1,141,083",$0,  5.0%,"$1,039,106",Humane Society of Broward County, 11.1%, 12.9%, 75.8%,"$5,192,306",  -0.2%,"$3,085,319","$2,106,987",FL,93,http://www.charitynavigator.org/index.cfm?bay=search.summary&orgid=5594,1.43,1970
119,"$142,525","$288,735",$0,  6.5%,"$536,354",Humane Society of Charlotte,  8.0%, 14.4%, 77.5%,"$3,797,138", 12.5%,"$2,721,940","$1,075,198",NC,93,http://www.charitynavigator.org/index.cfm?bay=search.summary&orgid=8278,1.05,1979
120,"$74,145","$227,801",$0,  2.5%,"$75,716",Humane Society of El Paso, 14.8%,  5.2%, 79.9%,"$2,345,372",  3.3%,"$1,631,475","$713,897",TX,81,http://www.charitynavigator.org/index.cfm?bay=search.summary&orgid=6341,3.10,1949
121,"$74,320","$47,496","$420,144",  1.2%,"$100,255",Humane Society of Elkhart County,  4.9%,  7.4%, 87.5%,"$2,141,601",  2.9%,"$2,043,521","$98,080",IN,89,http://www.charitynavigator.org/index.cfm?bay=search.summary&orgid=17221,5.28,1981
122,"$79,114","$259,240",$0,  1.7%,"$138,007",Humane Society of Greater Dayton, 14.1%,  9.3%, 76.5%,"$1,554,489",  3.0%,"$1,366,201","$188,288",OH,100,http://www.charitynavigator.org/index.cfm?bay=search.summary&orgid=6111,1.33,1942
123,"$216,007","$684,239",$0,  8.5%,"$715,093",Houston SPCA,  8.0%,  8.2%, 83.6%,"$11,850,014",  6.4%,"$10,776,698","$1,073,316",TX,100,http://www.charitynavigator.org/index.cfm?bay=search.summary&orgid=5660,4.64,1948
124,"$116,478","$605,799",$0,  8.0%,"$578,118",Humane Animal Rescue, 13.5%, 13.6%, 72.7%,"$5,278,780",  4.7%,"$4,196,516","$1,082,264",PA,96,http://www.charitynavigator.org/index.cfm?bay=search.summary&orgid=6104,3.66,1926
125,"$90,000","$256,095",$0,  2.2%,"$264,460",Humane Animal Welfare Society, 12.4%, 11.2%, 76.2%,"$2,247,226", 10.2%,"$1,388,793","$858,433",WI,85,http://www.charitynavigator.org/index.cfm?bay=search.summary&orgid=12390,3.78,1968
126,"$84,237","$65,965",$0,  2.6%,"$405,097",Humane Farming Association,  2.4%, 16.1%, 81.4%,"$2,929,397",  1.7%,"$2,929,397",$0,CA,97,http://www.charitynavigator.org/index.cfm?bay=search.summary&orgid=5634,4.70,1986
127,"$223,034","$557,185","$5,000,000",  9.6%,"$652,877",Humane Rescue Alliance,  6.4%,  7.3%, 86.2%,"$13,330,099",  8.8%,"$9,214,765","$4,115,334",DC,97,http://www.charitynavigator.org/index.cfm?bay=search.summary&orgid=5481,1.20,1937
128,"$64,001","$384,382",$0,  2.4%,"$57,812",Humane Society Calumet Area, 17.8%,  2.8%, 79.2%,"$1,313,832", 18.4%,"$865,999","$447,833",IN,89,http://www.charitynavigator.org/index.cfm?bay=search.summary&orgid=17249,6.71,1942
129,"$113,323","$474,076",$0,  9.3%,"$343,888",The Humane Society for Tacoma and Pierce County,  8.7%,  6.2%, 84.9%,"$5,182,409", 14.9%,"$3,356,778","$1,825,631",WA,100,http://www.charitynavigator.org/index.cfm?bay=search.summary&orgid=5760,2.12,1942
130,"$111,562","$137,772",$0, 13.2%,"$194,911",Guide Dogs of the Desert,  7.5%, 10.0%, 82.4%,"$4,158,185",  1.4%,"$4,158,185",$0,CA,85,http://www.charitynavigator.org/index.cfm?bay=search.summary&orgid=8226,3.05,1973
131,"$315,079","$1,783,661",$0, 10.3%,"$4,088,636",Guiding Eyes for the Blind,  7.2%, 15.9%, 76.8%,"$27,751,788",  3.4%,"$27,205,488","$546,300",NY,97,http://www.charitynavigator.org/index.cfm?bay=search.summary&orgid=3786,2.59,1956
132,"$91,931","$153,528",$0,  5.0%,"$206,159",Gulf Coast Humane Society,  5.6%,  6.8%, 87.4%,"$2,442,866", 16.1%,"$659,591","$1,783,275",FL,89,http://www.charitynavigator.org/index.cfm?bay=search.summary&orgid=14160,1.31,1951
133,"$53,454","$97,019",$0, 17.2%,"$115,051",Habitat for Horses,  6.5%,  9.2%, 84.1%,"$1,371,423", 10.1%,"$1,336,673","$34,750",TX,96,http://www.charitynavigator.org/index.cfm?bay=search.summary&orgid=16649,1.37,1999
134,"$128,005","$261,070",$0,  3.2%,"$299,209","Halifax Humane Society, Inc.", 11.0%, 11.7%, 77.2%,"$2,436,102",  3.2%,"$1,296,103","$1,139,999",FL,93,http://www.charitynavigator.org/index.cfm?bay=search.summary&orgid=11401,2.49,1972
135,"$80,000","$127,274",$0,  6.7%,"$100,362",HALO Animal Rescue,  4.4%,  6.6%, 88.8%,"$2,943,297", 21.4%,"$2,055,922","$887,375",AZ,89,http://www.charitynavigator.org/index.cfm?bay=search.summary&orgid=13416,0.46,2003
136,"$168,262","$921,745",$0,  7.2%,"$676,050",Hawaiian Humane Society, 11.7%,  9.0%, 79.2%,"$11,355,789",  1.7%,"$7,447,634","$3,908,155",HI,85,http://www.charitynavigator.org/index.cfm?bay=search.summary&orgid=5894,4.19,1943
137,"$42,365","$115,167",$0,  0.7%,"$173,256",Heart of the Valley Animal Shelter,  8.4%, 12.1%, 79.3%,"$2,088,028",  5.6%,"$1,723,690","$364,338",MT,93,http://www.charitynavigator.org/index.cfm?bay=search.summary&orgid=13544,3.55,1974
138,"$71,000","$75,768",$0,  4.3%,"$117,743",Front Range Equine Rescue,  6.0%,  9.8%, 84.1%,"$1,610,971", -13.2%,"$1,609,171","$1,800",FL,97,http://www.charitynavigator.org/index.cfm?bay=search.summary&orgid=10304,1.92,1997
139,"$22,834","$350,559",$0, 51.1%,"$847,767",The Fund for Animals,  4.2%, 11.3%, 84.3%,"$6,852,874",  5.5%,"$6,814,546","$38,328",NY,96,http://www.charitynavigator.org/index.cfm?bay=search.summary&orgid=13014,0.67,1968
140,"$65,000","$58,400",$0, 25.1%,"$76,620",Furkids,  3.5%,  5.0%, 91.3%,"$1,297,989", 40.7%,"$1,023,369","$274,620",GA,96,http://www.charitynavigator.org/index.cfm?bay=search.summary&orgid=16848,0.52,2003
141,"$98,375","$202,466",$0, 11.4%,"$285,393",Geauga Humane Society,  9.4%, 14.8%, 75.7%,"$2,015,866",  7.4%,"$1,728,160","$287,706",OH,89,http://www.charitynavigator.org/index.cfm?bay=search.summary&orgid=7674,2.46,1983
142,"$92,750","$372,310",$0,  8.7%,"$195,122",The Gentle Barn, 26.0%, 10.4%, 63.4%,"$1,991,804", 16.7%,"$1,739,428","$252,376",CA,92,http://www.charitynavigator.org/index.cfm?bay=search.summary&orgid=13027,0.90,2000
143,"$130,786","$182,721",$0,  1.0%,"$405,344",Grayson-Jockey Club Research Foundation,  8.5%, 18.0%, 73.4%,"$1,889,230", 12.3%,"$1,889,230",$0,KY,89,http://www.charitynavigator.org/index.cfm?bay=search.summary&orgid=5603,10.59,1942
144,"$134,282","$518,321","$831,242", 48.7%,"$644,347",Great Plains SPCA,  8.0%,  9.1%, 82.7%,"$6,360,928", 23.1%,"$4,633,745","$1,727,183",KS,93,http://www.charitynavigator.org/index.cfm?bay=search.summary&orgid=15103,0.14,2003
145,"$79,280","$91,236","$125,262",  3.6%,"$160,097",Greater Androscoggin Humane Society,  9.0%, 13.5%, 77.3%,"$1,309,188",  -0.2%,"$771,607","$537,581",ME,62,http://www.charitynavigator.org/index.cfm?bay=search.summary&orgid=7518,2.50,1973
146,"$74,135","$141,734",$0,  5.8%,"$239,567","Greenhill Humane Society, SPCA",  6.4%, 10.4%, 83.0%,"$2,948,946",  4.9%,"$2,127,688","$821,258",OR,96,http://www.charitynavigator.org/index.cfm?bay=search.summary&orgid=7607,1.05,1957
147,"$77,485","$185,310",$0,  0.2%,"$123,206",Griffin Pond Animal Shelter, 14.1%, 11.4%, 74.3%,"$1,270,889",  -0.5%,"$978,823","$292,066",PA,69,http://www.charitynavigator.org/index.cfm?bay=search.summary&orgid=14241,7.03,1957
148,"$298,009","$445,478",$0, 17.8%,"$639,542",Guide Dog Foundation for the Blind,  6.6%,  8.5%, 84.8%,"$10,534,988",  -0.7%,"$10,534,988",$0,NY,97,http://www.charitynavigator.org/index.cfm?bay=search.summary&orgid=4912,2.43,1950
149,"$268,041","$3,253,829",$0,  4.3%,"$3,887,380",Guide Dogs for the Blind,  9.7%, 10.3%, 79.9%,"$25,605,290",  4.5%,"$25,532,065","$73,225",CA,97,http://www.charitynavigator.org/index.cfm?bay=search.summary&orgid=3785,9.89,1955
150,"$46,039","$553,115",$0, 29.5%,"$393,856",Monmouth County SPCA,  9.7%,  8.0%, 82.2%,"$3,389,107",  3.0%,"$1,846,321","$1,542,786",NJ,96,http://www.charitynavigator.org/index.cfm?bay=search.summary&orgid=6044,1.43,1955
151,"$194,616","$970,981",$0,  6.4%,"$1,471,112",Farm Sanctuary,  8.8%, 14.7%, 76.3%,"$10,883,486",  4.1%,"$10,546,859","$336,627",NY,97,http://www.charitynavigator.org/index.cfm?bay=search.summary&orgid=5391,2.48,1985
152,"$239,271","$625,336",$0,  6.8%,"$414,352",Fidelco Guide Dog Foundation, 12.8%,  6.7%, 80.3%,"$4,843,063",  7.1%,"$4,741,091","$101,972",CT,100,http://www.charitynavigator.org/index.cfm?bay=search.summary&orgid=3694,2.54,1990
153,"$90,000","$112,196",$0, 11.4%,"$69,616",FixNation,  9.7%,  4.0%, 86.2%,"$1,440,222",  0.9%,"$1,141,286","$298,936",CA,75,http://www.charitynavigator.org/index.cfm?bay=search.summary&orgid=16923,0.29,2006
154,"$60,000","$136,931",$0,  8.4%,"$156,924",Forsyth Humane Society, 14.4%, 18.0%, 67.4%,"$3,022,990",  8.2%,"$2,896,813","$126,177",NC,89,http://www.charitynavigator.org/index.cfm?bay=search.summary&orgid=16399,5.20,1971
155,"$122,500","$109,675",$0, 28.5%,"$233,812",Freedom Service Dogs of America,  8.6%, 16.4%, 74.8%,"$3,616,623", 20.9%,"$3,594,575","$22,048",CO,96,http://www.charitynavigator.org/index.cfm?bay=search.summary&orgid=16129,3.51,1988
156,"$63,000","$93,271",$0,< 0.1%,"$150,932",Friends for Life,  8.7%, 14.4%, 76.7%,"$1,021,901", 12.1%,"$972,674","$49,227",TX,74,http://www.charitynavigator.org/index.cfm?bay=search.summary&orgid=16410,5.62,2002
157,"$113,904","$327,597",$0,  6.2%,"$195,168",Friends of Animals,  5.7%,  3.8%, 90.3%,"$4,558,058",  2.6%,"$2,705,371","$1,852,687",CT,85,http://www.charitynavigator.org/index.cfm?bay=search.summary&orgid=3730,0.96,1959
158,"$71,929","$104,919",$0,  1.3%,"$138,767",Elmbrook Humane Society, 14.5%, 10.9%, 74.5%,"$946,325",  6.4%,"$650,815","$295,510",WI,89,http://www.charitynavigator.org/index.cfm?bay=search.summary&orgid=7012,7.68,1966
159,"$59,800","$157,717",$0,  0.6%,"$192,090",Equine Advocates,  7.6%, 12.1%, 80.1%,"$1,148,522",  0.8%,"$1,148,522",$0,NY,96,http://www.charitynavigator.org/index.cfm?bay=search.summary&orgid=12754,2.58,1996
160,"$124,300","$77,968",$0,  9.5%,"$87,466",EspaÃ±ola Valley Humane Society,  5.1%,  6.2%, 88.6%,"$1,583,170", 12.0%,"$1,276,232","$306,938",NM,100,http://www.charitynavigator.org/index.cfm?bay=search.summary&orgid=7366,0.55,1993
161,"$95,246","$71,972",$0,  3.9%,"$175,617",FACT,  7.7%, 15.3%, 76.8%,"$508,698",  -4.4%,"$475,227","$33,471",IL,100,http://www.charitynavigator.org/index.cfm?bay=search.summary&orgid=6954,1.15,1982
162,"$105,786","$108,168",$0,  8.4%,"$50,559","ECAD, Educated Canines Assisting with Disabilities",  8.4%,  4.7%, 86.8%,"$1,055,496",  1.9%,"$884,002","$171,494",CT,100,http://www.charitynavigator.org/index.cfm?bay=search.summary&orgid=13146,0.55,1996
163,"$38,846","$175,096",$0, 22.0%,"$159,368",Humane Society of Greater Kansas City,  8.4%,  8.2%, 83.3%,"$2,400,674",  4.5%,"$1,444,043","$956,631",KS,78,http://www.charitynavigator.org/index.cfm?bay=search.summary&orgid=7058,0.64,1935
164,"$121,610","$390,100","$12,800",  9.1%,"$789,281",Humane Society of Tampa Bay,  4.6%,  8.5%, 86.7%,"$6,908,185", 10.1%,"$2,638,641","$4,269,544",FL,100,http://www.charitynavigator.org/index.cfm?bay=search.summary&orgid=5560,0.75,1972
165,"$76,534","$164,618",$0,  0.9%,"$27,019",League for Animal Welfare, 12.3%,  2.3%, 85.3%,"$987,648",  8.3%,"$898,934","$88,714",OH,100,http://www.charitynavigator.org/index.cfm?bay=search.summary&orgid=8112,5.02,1958
166,"$76,321","$159,020",$0, 37.6%,"$64,186",Days End Farm Horse Rescue, 10.4%,  3.9%, 85.6%,"$1,621,663",  5.1%,"$1,497,638","$124,025",MD,100,http://www.charitynavigator.org/index.cfm?bay=search.summary&orgid=7127,0.94,1992
167,"$157,937","$79,581",$0,  1.2%,"$91,323",Defenders of Animal Rights,  6.6%,  7.4%, 85.9%,"$3,063,104",  3.0%,"$3,025,904","$37,200",MD,74,http://www.charitynavigator.org/index.cfm?bay=search.summary&orgid=7085,7.61,1976
168,"$90,000","$161,407",$0, 23.8%,"$209,534",Delaware Humane Association, 11.2%, 14.5%, 74.2%,"$1,488,393",  8.1%,"$1,140,508","$347,885",DE,89,http://www.charitynavigator.org/index.cfm?bay=search.summary&orgid=8957,3.44,1958
169,"$110,000","$182,203",$0,  2.5%,"$117,515",Delaware Valley Golden Retriever Rescue, 15.4%,  9.3%, 75.1%,"$1,323,932",  5.7%,"$1,049,182","$274,750",PA,89,http://www.charitynavigator.org/index.cfm?bay=search.summary&orgid=14168,1.43,1995
170,"$123,871","$246,172",$0,  1.0%,"$273,098",Dogs for Better Lives,  7.3%, 12.8%, 79.7%,"$1,749,919",  5.7%,"$1,747,792","$2,127",OR,100,http://www.charitynavigator.org/index.cfm?bay=search.summary&orgid=5781,6.31,1977
171,"$246,301","$1,139,640",$0, 29.8%,"$416,782",DoveLewis Emergency Animal Hospital,  7.8%,  4.2%, 87.8%,"$12,063,646",  8.2%,"$1,763,793","$10,299,853",OR,96,http://www.charitynavigator.org/index.cfm?bay=search.summary&orgid=12512,0.67,1975
172,"$80,000","$112,524",$0,  0.6%,"$102,647",Dubuque Regional Humane Society, 10.0%,  9.6%, 80.2%,"$528,545",  4.9%,"$200,955","$327,590",IA,82,http://www.charitynavigator.org/index.cfm?bay=search.summary&orgid=14181,4.89,1991
173,"$302,320","$1,418,750",$0,  2.7%,"$2,463,940",Dumb Friends League,  8.1%, 13.0%, 78.8%,"$14,069,232",  4.7%,"$12,195,279","$1,873,953",CO,100,http://www.charitynavigator.org/index.cfm?bay=search.summary&orgid=3610,4.02,1942
174,"$41,686","$462,033",$0, 19.7%,"$113,929",Dutchess County SPCA, 13.6%,  7.6%, 78.6%,"$1,252,903",  4.5%,"$748,227","$504,676",NY,93,http://www.charitynavigator.org/index.cfm?bay=search.summary&orgid=6764,3.16,1963
175,"$253,299","$770,378",$0, 29.2%,"$703,758",East Bay SPCA,  8.2%,  8.9%, 82.7%,"$7,742,072", 14.1%,"$4,130,518","$3,611,554",CA,100,http://www.charitynavigator.org/index.cfm?bay=search.summary&orgid=4250,2.61,1957
176,"$73,430","$220,813",$0,  0.7%,"$82,694",Champaign County Humane Society, 20.1%,  7.8%, 72.0%,"$710,938",  6.1%,"$555,771","$155,167",IL,93,http://www.charitynavigator.org/index.cfm?bay=search.summary&orgid=5283,3.62,1955
177,"$132,650","$167,975","$1,311,005",  3.0%,"$997,156",Charleston Animal Society,  2.7%, 14.1%, 83.0%,"$5,956,108", 14.8%,"$4,844,320","$1,111,788",SC,96,http://www.charitynavigator.org/index.cfm?bay=search.summary&orgid=7195,3.02,1965
178,"$110,389","$284,403",$0, 20.1%,"$263,685",Charlottesville-Albemarle SPCA,  7.6%,  6.1%, 86.2%,"$5,028,840",  6.5%,"$3,246,029","$1,782,811",VA,97,http://www.charitynavigator.org/index.cfm?bay=search.summary&orgid=14161,3.00,1957
179,"$60,000","$244,838",$0, 19.0%,"$301,288",Citizens for Animal Protection,  8.4%,  9.0%, 82.5%,"$2,681,818",  6.8%,"$2,681,818",$0,TX,89,http://www.charitynavigator.org/index.cfm?bay=search.summary&orgid=6090,2.10,1973
180,"$138,083","$228,419",$0,  1.2%,"$690,067",Cleveland Animal Protective League,  5.5%, 16.6%, 77.8%,"$3,962,447",  8.4%,"$3,050,115","$912,332",OH,100,http://www.charitynavigator.org/index.cfm?bay=search.summary&orgid=5218,2.95,1948
181,"$173,377","$910,616",$0,  0.4%,"$726,558",Connecticut Humane Society, 11.5%,  7.6%, 80.8%,"$5,564,193",  7.3%,"$3,503,605","$2,060,588",CT,100,http://www.charitynavigator.org/index.cfm?bay=search.summary&orgid=10714,8.57,1933
182,"$54,370","$31,403",$0,  0.6%,"$54,855",Coulee Region Humane Society,  2.2%,  5.7%, 92.0%,"$1,211,612",  3.6%,"$668,725","$542,887",WI,89,http://www.charitynavigator.org/index.cfm?bay=search.summary&orgid=9447,4.65,1974
183,"$95,972","$331,361",$0,  3.0%,"$479,477",Dane County Humane Society,  9.5%, 14.1%, 76.2%,"$3,965,056",  -0.1%,"$2,778,301","$1,186,755",WI,96,http://www.charitynavigator.org/index.cfm?bay=search.summary&orgid=5311,1.86,1965
184,"$69,579","$74,738",$0,  8.5%,"$145,811",Can Do Canines,  5.8%,  9.2%, 84.8%,"$1,214,401",  9.5%,"$1,214,401",$0,MN,96,http://www.charitynavigator.org/index.cfm?bay=search.summary&orgid=13256,3.19,1988
185,"$84,434","$102,917",$0, 51.1%,"$34,306",Canine Assistants,  5.0%,  1.6%, 93.2%,"$2,207,139",  -7.5%,"$2,207,139",$0,GA,85,http://www.charitynavigator.org/index.cfm?bay=search.summary&orgid=5542,0.20,1992
186,"$172,611","$1,312,196",$0,  4.9%,"$5,084,097",Canine Companions for Independence,  6.3%, 21.7%, 71.9%,"$22,936,122",  6.2%,"$21,704,066","$1,232,056",CA,100,http://www.charitynavigator.org/index.cfm?bay=search.summary&orgid=3418,2.61,1979
187,"$98,329","$156,322",$0,  1.3%,"$315,844","Capital Area Humane Society, MI",  7.4%, 15.2%, 77.2%,"$3,095,001",  5.4%,"$2,108,800","$986,201",MI,85,http://www.charitynavigator.org/index.cfm?bay=search.summary&orgid=6977,2.16,1946
188,"$100,000","$371,635",$0,  1.1%,"$304,369","Capital Area Humane Society, OH", 12.2%, 11.3%, 76.3%,"$2,776,864", 10.6%,"$2,447,685","$329,179",OH,100,http://www.charitynavigator.org/index.cfm?bay=search.summary&orgid=6118,2.01,1957
189,"$110,039","$259,640",$0,  2.1%,"$243,846",Capital Humane Society, 12.1%, 11.9%, 75.9%,"$2,595,550", 16.3%,"$1,708,533","$887,017",NE,89,http://www.charitynavigator.org/index.cfm?bay=search.summary&orgid=7053,4.49,1941
190,"$80,538","$91,103",$0, 21.4%,"$132,771",Cat Adoption Team,  6.7%,  9.6%, 83.6%,"$1,542,592",  1.4%,"$1,154,486","$388,106",OR,78,http://www.charitynavigator.org/index.cfm?bay=search.summary&orgid=12911,2.02,2004
191,"$27,828","$157,419",$0,  2.0%,"$115,475",Cat Care Society, 18.2%, 14.5%, 67.1%,"$1,245,171", 11.2%,"$962,498","$282,673",CO,100,http://www.charitynavigator.org/index.cfm?bay=search.summary&orgid=7355,2.19,1982
192,"$64,250","$210,248",$0,  0.8%,"$99,890",Catskill Animal Sanctuary, 16.1%,  6.1%, 77.7%,"$3,454,082",  5.6%,"$3,128,110","$325,972",NY,100,http://www.charitynavigator.org/index.cfm?bay=search.summary&orgid=12103,4.98,2001
193,"$127,656","$232,138",$0,  3.2%,"$422,236",Berkeley-East Bay Humane Society, 12.5%, 25.7%, 61.6%,"$1,785,812",  5.2%,"$1,532,647","$253,165",CA,100,http://www.charitynavigator.org/index.cfm?bay=search.summary&orgid=9119,1.69,1953
194,"$62,683","$101,813",$0, 25.2%,"$88,936",Berkshire Humane Society,  7.4%,  5.6%, 86.9%,"$1,116,872",  5.9%,"$789,302","$327,570",MA,100,http://www.charitynavigator.org/index.cfm?bay=search.summary&orgid=5977,2.41,1992
195,"$202,428","$6,506,871",$0, 15.8%,"$13,612,301",Best Friends Animal Society,  8.1%, 17.6%, 74.2%,"$88,809,610", 13.4%,"$85,484,292","$3,325,318",UT,100,http://www.charitynavigator.org/index.cfm?bay=search.summary&orgid=3356,0.95,1971
196,"$292,404","$1,063,470",$0,  3.0%,"$1,538,448",Bideawee, 10.6%, 15.5%, 73.8%,"$8,116,227",  3.9%,"$5,269,024","$2,847,203",NY,96,http://www.charitynavigator.org/index.cfm?bay=search.summary&orgid=3365,1.39,1925
197,"$69,250","$47,082",$0,  1.2%,"$135,002",Blue Mountain Humane Society,  5.1%,  8.1%, 86.7%,"$1,102,628",  9.5%,"$856,073","$246,555",WA,85,http://www.charitynavigator.org/index.cfm?bay=search.summary&orgid=17188,4.15,1970
198,"$105,458","$177,291","$119,000", 11.9%,"$698,310",Born Free USA united with Animal Protection Institute,  6.9%, 23.3%, 69.6%,"$2,515,352", 15.7%,"$2,515,352",$0,DC,93,http://www.charitynavigator.org/index.cfm?bay=search.summary&orgid=5840,1.29,1968
199,"$175,712","$375,120",$0, 24.4%,"$184,715",Brandywine Valley SPCA,  9.9%,  5.3%, 84.7%,"$3,372,382", 27.1%,"$680,109","$2,692,273",PA,93,http://www.charitynavigator.org/index.cfm?bay=search.summary&orgid=6816,2.31,1946
200,"$28,125","$196,922","$7,300",< 0.1%,"$32,294",Bucks County SPCA, 12.5%,  3.1%, 84.2%,"$1,272,199",  3.2%,"$1,054,919","$217,280",PA,89,http://www.charitynavigator.org/index.cfm?bay=search.summary&orgid=5083,5.72,1941
201,"$105,312","$51,578",$0, 24.0%,"$90,070",Animals' Angels,  6.0%, 10.0%, 83.8%,"$980,043",  5.5%,"$980,043",$0,MD,85,http://www.charitynavigator.org/index.cfm?bay=search.summary&orgid=16110,0.48,2007
202,"$193,752","$539,033",$0,  2.4%,"$1,176,516",The Anti-Cruelty Society,  5.9%, 13.7%, 80.2%,"$7,179,521",  5.2%,"$6,281,094","$898,427",IL,100,http://www.charitynavigator.org/index.cfm?bay=search.summary&orgid=3301,6.00,1937
203,"$101,917","$375,979",$0,  3.6%,"$256,741",Arizona Animal Welfare League & SPCA,  6.4%,  7.3%, 86.1%,"$3,686,615",  3.0%,"$2,363,905","$1,322,710",AZ,89,http://www.charitynavigator.org/index.cfm?bay=search.summary&orgid=5125,1.54,1971
204,"$317,857","$595,444",$0,  4.7%,"$2,255,697",Arizona Humane Society,  3.7%, 12.9%, 83.2%,"$15,945,129",  8.5%,"$12,879,259","$3,065,870",AZ,100,http://www.charitynavigator.org/index.cfm?bay=search.summary&orgid=3306,2.18,2001
205,"$64,500","$70,444","$15,000",  8.6%,"$235,812",Faithful Friends Animal Society,  3.4%, 13.2%, 83.3%,"$1,730,415", 16.1%,"$1,337,523","$392,892",DE,77,http://www.charitynavigator.org/index.cfm?bay=search.summary&orgid=16466,0.57,2001
206,"$81,136","$129,208",$0,  0.9%,"$130,028",Hooved Animal Humane Society, 17.4%, 17.1%, 65.4%,"$690,996",  1.8%,"$671,506","$19,490",IL,100,http://www.charitynavigator.org/index.cfm?bay=search.summary&orgid=5126,4.02,1972
207,"$321,108","$1,192,698",$0, 13.8%,"$1,020,800",Atlanta Humane Society, 12.2%, 10.9%, 76.8%,"$7,361,051",  7.5%,"$4,954,632","$2,406,419",GA,100,http://www.charitynavigator.org/index.cfm?bay=search.summary&orgid=3328,3.30,1942
208,"$122,037","$229,180",$0,  3.9%,"$325,090",Austin Humane Society,  7.8%, 10.6%, 81.5%,"$2,571,015",  1.0%,"$2,076,210","$494,805",TX,89,http://www.charitynavigator.org/index.cfm?bay=search.summary&orgid=5689,1.06,1956
209,"$70,000","$426,684",$0,  7.8%,"$447,576",Austin Pets Alive, 10.0%,  8.9%, 81.0%,"$4,567,812", 19.9%,"$3,763,530","$804,282",TX,78,http://www.charitynavigator.org/index.cfm?bay=search.summary&orgid=17263,0.73,2000
210,"$14,400","$330,783",$0,  3.3%,"$64,786",Baltimore Humane Society, 22.6%,  4.0%, 73.2%,"$2,052,488",  -8.4%,"$1,707,130","$345,358",MD,93,http://www.charitynavigator.org/index.cfm?bay=search.summary&orgid=8275,1.32,1942
211,"$74,610","$84,255",$0,  0.5%,"$74,563",Bangor Humane Society,  5.5%,  3.5%, 90.9%,"$864,382",  -1.8%,"$503,829","$360,553",ME,73,http://www.charitynavigator.org/index.cfm?bay=search.summary&orgid=10965,2.52,1977
212,"$57,462","$424,535",$0,  1.9%,"$171,871",Bay Area Humane Society, 20.3%, 13.1%, 66.5%,"$1,104,748",  -1.8%,"$656,937","$447,811",WI,85,http://www.charitynavigator.org/index.cfm?bay=search.summary&orgid=6171,1.38,1972
213,"$134,512","$144,076",$0,  1.6%,"$256,391",Animal Shelter of the Wood River Valley,  8.5%, 11.5%, 79.8%,"$5,156,578",  7.7%,"$5,024,365","$132,213",ID,100,http://www.charitynavigator.org/index.cfm?bay=search.summary&orgid=11768,5.27,1979
214,"$103,578","$102,598",$0,  2.8%,"$252,088",Animal Welfare Association,  4.0%,  7.3%, 88.5%,"$2,552,327",  7.5%,"$960,180","$1,592,147",NJ,96,http://www.charitynavigator.org/index.cfm?bay=search.summary&orgid=6787,1.44,1957
215,"$83,328","$193,465",$0,  0.1%,"$58,631",Animal Welfare Institute,  4.2%,  1.0%, 94.6%,"$3,278,306", -15.0%,"$3,278,306",$0,DC,100,http://www.charitynavigator.org/index.cfm?bay=search.summary&orgid=6035,2.14,1953
216,"$83,782","$611,182",$0,  5.2%,"$73,237",Animal Welfare League,  8.7%,  1.3%, 89.8%,"$5,761,155",  6.0%,"$798,338","$4,962,817",IL,100,http://www.charitynavigator.org/index.cfm?bay=search.summary&orgid=8027,0.67,1952
217,"$152,811","$135,576",$0, 13.5%,"$295,960",Animal Welfare League of Alexandria,  8.0%, 12.4%, 79.5%,"$2,549,050",  1.2%,"$1,386,056","$1,162,994",VA,100,http://www.charitynavigator.org/index.cfm?bay=search.summary&orgid=12728,1.36,1966
218,"$162,405","$68,988",$0,  2.4%,"$377,740",Animal Welfare League of Arlington,  2.3%, 11.9%, 85.6%,"$3,382,330",  3.9%,"$1,647,270","$1,735,060",VA,97,http://www.charitynavigator.org/index.cfm?bay=search.summary&orgid=7152,2.41,1947
219,"$114,899","$257,716",$0,  3.3%,"$243,666",Animal Welfare Society, 10.8%,  8.9%, 80.2%,"$2,254,154", 16.1%,"$1,482,510","$771,644",ME,100,http://www.charitynavigator.org/index.cfm?bay=search.summary&orgid=6840,2.29,1969
220,"$72,000","$151,427",$0,  0.9%,"$130,783",Animal Allies Humane Society, 10.3%, 11.6%, 78.0%,"$1,165,487",  -2.8%,"$848,745","$316,742",MN,89,http://www.charitynavigator.org/index.cfm?bay=search.summary&orgid=13857,2.54,1968
221,"$90,175","$611,850",$0,  3.6%,"$160,884",Animal Defense League of Texas, 13.3%,  4.9%, 81.7%,"$5,676,779", 18.6%,"$5,115,734","$561,045",TX,97,http://www.charitynavigator.org/index.cfm?bay=search.summary&orgid=5688,2.15,1947
222,"$58,507","$138,916",$0,  3.0%,"$391,323",Asheville Humane Society,  5.4%, 14.5%, 80.0%,"$2,787,224",  9.4%,"$1,798,353","$988,871",NC,100,http://www.charitynavigator.org/index.cfm?bay=search.summary&orgid=12352,1.54,1985
223,"$98,813","$175,424",$0, 10.8%,"$260,523",Canine Partners For Life,  8.9%, 18.8%, 72.1%,"$1,621,775",  5.1%,"$1,609,827","$11,948",PA,100,http://www.charitynavigator.org/index.cfm?bay=search.summary&orgid=6828,2.79,1990
224,"$11,946","$359,453",$0,  2.4%,"$377,185",Dakin Humane Society,  9.1%, 11.5%, 79.2%,"$3,094,889",  2.5%,"$1,372,389","$1,722,500",MA,100,http://www.charitynavigator.org/index.cfm?bay=search.summary&orgid=14088,1.41,2007
225,"$571,387","$10,168,101",$0, 20.9%,"$995,461",The Animal Medical Center, 24.7%,  2.4%, 72.8%,"$41,624,779",  6.0%,"$7,199,515","$34,425,264",NY,100,http://www.charitynavigator.org/index.cfm?bay=search.summary&orgid=3299,1.45,1944
226,"$11,293","$210,623",$0,  0.8%,"$226,632",Animal Protective Association of Missouri,  9.9%, 12.5%, 77.4%,"$1,597,764",  6.6%,"$891,375","$706,389",MO,85,http://www.charitynavigator.org/index.cfm?bay=search.summary&orgid=6189,3.69,1945
227,"$106,003","$234,157",$0,  4.6%,"$332,262",Animal Refuge League,  9.8%, 16.5%, 73.5%,"$2,757,331",  4.2%,"$2,005,637","$751,694",ME,92,http://www.charitynavigator.org/index.cfm?bay=search.summary&orgid=13258,6.03,1942
228,"$78,500","$433,908",$0,  1.4%,"$439,059",Animal Rescue Fund of the Hamptons, 12.3%, 12.7%, 74.8%,"$4,137,016",  7.8%,"$3,860,108","$276,908",NY,93,http://www.charitynavigator.org/index.cfm?bay=search.summary&orgid=6869,4.33,1975
229,"$56,755","$208,773",$0,  2.7%,"$37,623","Animal Rescue League of Berks County, Inc.", 12.7%,  4.5%, 82.6%,"$1,660,402",  7.6%,"$1,143,251","$517,151",PA,85,http://www.charitynavigator.org/index.cfm?bay=search.summary&orgid=14195,1.30,1956
230,"$189,207","$2,195,669",$0,  4.3%,"$471,865",Animal Rescue League of Boston, 22.2%,  5.7%, 71.9%,"$7,149,202",  -2.7%,"$4,817,456","$2,331,746",MA,97,http://www.charitynavigator.org/index.cfm?bay=search.summary&orgid=8537,7.57,1943
231,"$162,152","$469,858",$0,  4.9%,"$629,460",Animal Rescue League of Iowa,  7.9%,  9.8%, 82.1%,"$4,074,087",  4.7%,"$2,639,287","$1,434,800",IA,96,http://www.charitynavigator.org/index.cfm?bay=search.summary&orgid=6184,2.03,1949
232,"$178,708","$542,209",$0, 14.2%,"$683,341",Alley Cat Allies,  6.8%,  6.8%, 86.3%,"$9,265,575", 10.2%,"$9,265,575",$0,MD,96,http://www.charitynavigator.org/index.cfm?bay=search.summary&orgid=5453,0.73,1992
233,"$76,367","$110,577",$0, 40.6%,"$425,479",Alley Cat Rescue,  4.5%, 27.3%, 68.1%,"$1,514,059", 17.9%,"$1,512,169","$1,890",MD,70,http://www.charitynavigator.org/index.cfm?bay=search.summary&orgid=10853,0.37,2001
234,"$40,000","$262,837",$0,  6.7%,"$221,875",American Anti-Vivisection Society, 12.2%, 11.2%, 76.5%,"$1,675,775",  4.3%,"$1,590,476","$85,299",PA,97,http://www.charitynavigator.org/index.cfm?bay=search.summary&orgid=6598,8.99,1999
235,"$392,894","$913,906",$0, 19.8%,"$1,582,996",American Humane,  6.4%, 14.2%, 79.2%,"$14,823,996",  4.4%,"$11,781,059","$3,042,937",DC,97,http://www.charitynavigator.org/index.cfm?bay=search.summary&orgid=3262,0.52,1942
236,"$165,848","$537,515",$0, 22.9%,"$205,417",American Kennel Club Canine Health Foundation, 15.9%, 10.0%, 73.9%,"$4,787,326",  -3.1%,"$4,760,149","$27,177",NC,100,http://www.charitynavigator.org/index.cfm?bay=search.summary&orgid=5005,3.01,1995
237,"$521,245","$10,304,327",$0, 13.3%,"$39,173,981",American Society for the Prevention of Cruelty to Animals,  5.6%, 20.2%, 74.1%,"$198,619,753",  2.7%,"$182,705,546","$15,914,207",NY,97,http://www.charitynavigator.org/index.cfm?bay=search.summary&orgid=3286,1.05,1921
238,"$40,728","$246,801",$0,  4.4%,"$110,294",American Veterinary Medical Foundation,  4.4%,  3.6%, 91.8%,"$2,170,421", 18.2%,"$2,170,421",$0,IL,89,http://www.charitynavigator.org/index.cfm?bay=search.summary&orgid=5281,0.42,1964
239,"$81,500","$175,147",$0,< 0.1%,"$170,381",Anderson Animal Shelter, 12.4%, 12.8%, 74.7%,"$1,561,960", 14.7%,"$944,535","$617,425",IL,100,http://www.charitynavigator.org/index.cfm?bay=search.summary&orgid=9225,1.95,1968
240,"$60,000","$27,981",$0,< 0.1%,"$27,975",Actors and Others for Animals,  3.6%,  3.5%, 92.7%,"$1,450,013",  0.6%,"$1,450,013",$0,CA,81,http://www.charitynavigator.org/index.cfm?bay=search.summary&orgid=6457,4.53,1972
241,"$151,667","$214,254",$0,  4.2%,"$162,859",Adopt A Pet.com,  7.0%,  8.9%, 84.0%,"$3,306,236",  2.1%,"$3,306,236",$0,CA,78,http://www.charitynavigator.org/index.cfm?bay=search.summary&orgid=11882,0.89,2000
242,"$66,737","$90,549",$0,  1.6%,"$73,538",Allen County Society for the Prevention of Cruelty to Animals,  9.6%,  9.1%, 81.1%,"$1,024,401", 16.7%,"$819,972","$204,429",IN,93,http://www.charitynavigator.org/index.cfm?bay=search.summary&orgid=17033,2.65,1956
243,"$180,784","$1,273,535",$0,  2.5%,"$1,301,943",SPCA of Texas,  9.1%,  9.8%, 80.9%,"$12,390,979",  3.4%,"$9,462,956","$2,928,023",TX,96,http://www.charitynavigator.org/index.cfm?bay=search.summary&orgid=4485,2.57,1940
244,"$96,416","$310,587",$0, 18.6%,"$285,800",SPCA of Wake County, 12.5%,  7.9%, 79.5%,"$3,162,359",  2.9%,"$2,864,442","$297,917",NC,96,http://www.charitynavigator.org/index.cfm?bay=search.summary&orgid=10081,1.33,1968
245,"$66,400","$126,901",$0,  2.3%,"$60,505",Tri-County Humane Society, 13.4%,  8.0%, 78.4%,"$796,652",  0.3%,"$380,294","$416,358",MN,89,http://www.charitynavigator.org/index.cfm?bay=search.summary&orgid=6103,2.50,1975
246,"$92,146","$481,640",$0,682.6%,"$4,218,561",SPCA International,  3.8%, 36.8%, 59.3%,"$13,501,896",  0.2%,"$13,501,896",$0,NY,58,http://www.charitynavigator.org/index.cfm?bay=search.summary&orgid=13139,< 0.01,2006
247,"$100,000","$177,240",$0,  1.2%,"$94,807",SPCA of Anne Arundel County, 13.9%,  4.6%, 81.4%,"$1,765,467",  4.0%,"$1,445,591","$319,876",MD,93,http://www.charitynavigator.org/index.cfm?bay=search.summary&orgid=7077,2.68,1951
248,"$120,920","$125,050",$0,  0.8%,"$177,939",SPCA of Westchester,  8.2%,  7.9%, 83.7%,"$2,263,800", 11.4%,"$1,372,917","$890,883",NY,100,http://www.charitynavigator.org/index.cfm?bay=search.summary&orgid=8944,2.16,1959
249,"$119,738","$240,974",$0, 20.5%,"$650,833",SPCA Tampa Bay,  8.4%, 17.3%, 74.2%,"$2,665,066",  9.2%,"$2,264,484","$400,582",FL,77,http://www.charitynavigator.org/index.cfm?bay=search.summary&orgid=10409,1.44,1974
250,"$228,400","$1,014,941",$0, 22.6%,"$819,344",spcaLA, 13.4%, 10.4%, 76.0%,"$6,510,050",  7.4%,"$5,070,394","$1,439,656",CA,100,http://www.charitynavigator.org/index.cfm?bay=search.summary&orgid=4020,3.55,1934
251,"$96,731","$161,432",$0, 16.1%,"$154,140",Suncoast Humane Society, 10.9%,  7.4%, 81.5%,"$1,288,766", 13.2%,"$869,203","$419,563",FL,93,http://www.charitynavigator.org/index.cfm?bay=search.summary&orgid=7706,0.89,1972
252,"$107,316","$135,570",$0, 16.2%,"$392,456",Toledo Area Humane Society,  7.5%, 17.2%, 75.2%,"$2,351,688",  -0.4%,"$1,996,277","$355,411",OH,100,http://www.charitynavigator.org/index.cfm?bay=search.summary&orgid=6926,3.69,1943
253,"$261,258","$491,637",$0,  1.5%,"$420,120",Tony La Russa's Animal Rescue Foundation,  7.1%,  6.4%, 86.3%,"$10,540,414",  7.9%,"$9,738,139","$802,275",CA,100,http://www.charitynavigator.org/index.cfm?bay=search.summary&orgid=5636,5.72,1996
254,"$98,738","$129,743",$0,  1.1%,"$364,246",Tree House Humane Society,  4.3%, 13.1%, 82.4%,"$2,554,058",  7.8%,"$2,464,462","$89,596",IL,100,http://www.charitynavigator.org/index.cfm?bay=search.summary&orgid=6102,2.49,1975
255,"$115,609","$125,588",$0,  3.9%,"$41,729",Tri County Humane Society,  9.7%,  2.6%, 87.6%,"$2,031,896",  -3.6%,"$1,629,020","$402,876",FL,100,http://www.charitynavigator.org/index.cfm?bay=search.summary&orgid=10238,2.23,1997
256,"$126,947","$185,510",$0,  4.1%,"$634,287",SPCA Cincinnati,  4.8%, 14.7%, 80.3%,"$5,032,258", 11.6%,"$3,279,405","$1,752,853",OH,92,http://www.charitynavigator.org/index.cfm?bay=search.summary&orgid=6113,2.44,1965
257,"$137,700","$252,312",$0,132.8%,"$241,332",Wildlife Waystation,  8.4%,  9.9%, 81.5%,"$2,052,070",  4.4%,"$2,052,070",$0,CA,96,http://www.charitynavigator.org/index.cfm?bay=search.summary&orgid=5863,< 0.01,1985
258,"$72,625","$159,387",$0,  2.5%,"$398,475",Willamette Humane Society,  6.6%, 15.5%, 77.8%,"$3,009,275",  8.8%,"$2,530,287","$478,988",OR,92,http://www.charitynavigator.org/index.cfm?bay=search.summary&orgid=5779,1.90,1966
259,"$197,670","$556,804",$0, 19.7%,"$957,758",Wisconsin Humane Society,  6.8%, 10.3%, 82.7%,"$8,006,593",  6.3%,"$5,056,006","$2,950,587",WI,97,http://www.charitynavigator.org/index.cfm?bay=search.summary&orgid=4744,2.21,1941
260,"$104,198","$174,425",$0,  1.6%,"$91,250",Woods Humane Society,  8.6%,  4.4%, 86.9%,"$1,536,614", 14.1%,"$1,119,199","$417,415",CA,93,http://www.charitynavigator.org/index.cfm?bay=search.summary&orgid=12832,5.73,1964
261,"$173,408","$238,190",$0, 27.0%,"$1,271,377",World Animal Protection,  6.0%, 25.1%, 68.7%,"$4,960,934",  -8.1%,"$4,960,934",$0,NY,82,http://www.charitynavigator.org/index.cfm?bay=search.summary&orgid=4767,0.40,1981
262,"$111,554","$200,263",$0, 11.2%,"$305,681",Yavapai Humane Society,  8.3%, 12.8%, 78.8%,"$2,407,337", 11.6%,"$1,440,734","$966,603",AZ,92,http://www.charitynavigator.org/index.cfm?bay=search.summary&orgid=13789,1.60,1972
263,"$85,076","$459,414","$349,877", 15.6%,"$95,324",York County SPCA, 17.6%,  4.2%, 78.1%,"$2,062,430", 23.0%,"$1,467,017","$595,413",PA,75,http://www.charitynavigator.org/index.cfm?bay=search.summary&orgid=14174,2.20,1972
264,"$53,300","$95,555",$0, 25.4%,"$98,123",Vanderburgh Humane Society,  6.1%,  7.8%, 85.9%,"$1,300,148",  5.3%,"$703,035","$597,113",IN,89,http://www.charitynavigator.org/index.cfm?bay=search.summary&orgid=6138,1.45,1964
265,"$27,936","$117,063",$0,  6.9%,"$153,763",Vegan Outreach,  8.5%,  9.9%, 81.4%,"$1,894,472", 20.3%,"$1,894,472",$0,CA,89,http://www.charitynavigator.org/index.cfm?bay=search.summary&orgid=11765,1.11,2007
266,"$113,473","$142,376","$30,000",  4.6%,"$244,912",Virginia Beach SPCA,  3.7%,  5.7%, 90.5%,"$3,003,874", 11.6%,"$1,291,894","$1,711,980",VA,100,http://www.charitynavigator.org/index.cfm?bay=search.summary&orgid=7179,2.00,1966
267,"$161,132","$538,424",$0,  3.3%,"$1,179,166",Wayside Waifs,  8.3%, 21.5%, 70.0%,"$5,441,516",  6.5%,"$4,604,519","$836,997",MO,100,http://www.charitynavigator.org/index.cfm?bay=search.summary&orgid=5358,3.04,1953
268,"$63,750","$141,741",$0,  6.5%,"$169,580",Whidbey Animals Improvement Foundation,  7.7%, 14.6%, 77.6%,"$1,337,627",  7.3%,"$1,142,680","$194,947",WA,89,http://www.charitynavigator.org/index.cfm?bay=search.summary&orgid=17115,3.07,1995
269,"$71,960","$207,905",$0, 10.9%,"$141,593",Wildlife Rescue & Rehabilitation,  9.1%,  8.5%, 82.3%,"$1,898,276",  0.1%,"$1,898,276",$0,TX,96,http://www.charitynavigator.org/index.cfm?bay=search.summary&orgid=6350,1.96,1979
